,category,language,City,number_speakers
0,Aboriginal languages,"Aboriginal languages, n.o.s.",Toronto,80
1,Non-Official & Non-Aboriginal languages,Afrikaans,Toronto,985
2,Non-Official & Non-Aboriginal languages,"Afro-Asiatic languages, n.i.e.",Toronto,360
3,Non-Official & Non-Aboriginal languages,Akan (Twi),Toronto,8485
4,Non-Official & Non-Aboriginal languages,Albanian,Toronto,13260
5,Aboriginal languages,"Algonquian languages, n.i.e.",Toronto,5
6,Aboriginal languages,Algonquin,Toronto,5
7,Non-Official & Non-Aboriginal languages,American Sign Language,Toronto,470
8,Non-Official & Non-Aboriginal languages,Amharic,Toronto,7460
9,Non-Official & Non-Aboriginal languages,Arabic,Toronto,85175
10,Non-Official & Non-Aboriginal languages,Armenian,Toronto,12575
11,Non-Official & Non-Aboriginal languages,Assyrian Neo-Aramaic,Toronto,10200
12,Aboriginal languages,"Athabaskan languages, n.i.e.",Toronto,5
13,Aboriginal languages,Atikamekw,Toronto,0
14,Non-Official & Non-Aboriginal languages,"Austro-Asiatic languages, n.i.e",Toronto,65
15,Non-Official & Non-Aboriginal languages,"Austronesian languages, n.i.e.",Toronto,1015
16,Non-Official & Non-Aboriginal languages,Azerbaijani,Toronto,1615
17,Aboriginal languages,Babine (Wetsuwet'en),Toronto,0
18,Non-Official & Non-Aboriginal languages,Bamanankan,Toronto,55
19,Aboriginal languages,Beaver,Toronto,0
20,Non-Official & Non-Aboriginal languages,Belarusan,Toronto,355
21,Non-Official & Non-Aboriginal languages,Bengali,Toronto,38320
22,Non-Official & Non-Aboriginal languages,"Berber languages, n.i.e.",Toronto,115
23,Non-Official & Non-Aboriginal languages,Bikol,Toronto,470
24,Non-Official & Non-Aboriginal languages,Bilen,Toronto,80
25,Aboriginal languages,Blackfoot,Toronto,5
26,Non-Official & Non-Aboriginal languages,Bosnian,Toronto,2750
27,Non-Official & Non-Aboriginal languages,Bulgarian,Toronto,6950
28,Non-Official & Non-Aboriginal languages,Burmese,Toronto,1005
29,Non-Official & Non-Aboriginal languages,Cantonese,Toronto,247710
30,Aboriginal languages,Carrier,Toronto,5
31,Non-Official & Non-Aboriginal languages,Catalan,Toronto,165
32,Aboriginal languages,Cayuga,Toronto,0
33,Non-Official & Non-Aboriginal languages,Cebuano,Toronto,5080
34,Non-Official & Non-Aboriginal languages,"Celtic languages, n.i.e.",Toronto,140
35,Non-Official & Non-Aboriginal languages,Chaldean Neo-Aramaic,Toronto,1845
36,Aboriginal languages,Chilcotin,Toronto,0
37,Non-Official & Non-Aboriginal languages,"Chinese languages, n.i.e.",Toronto,190
38,Non-Official & Non-Aboriginal languages,"Chinese, n.o.s.",Toronto,11080
39,Aboriginal languages,Comox,Toronto,0
40,Aboriginal languages,"Cree, n.o.s.",Toronto,55
41,Non-Official & Non-Aboriginal languages,"Creole languages, n.i.e.",Toronto,1920
42,Non-Official & Non-Aboriginal languages,"Creole, n.o.s.",Toronto,3380
43,Non-Official & Non-Aboriginal languages,Croatian,Toronto,16525
44,Non-Official & Non-Aboriginal languages,"Cushitic languages, n.i.e.",Toronto,65
45,Non-Official & Non-Aboriginal languages,Czech,Toronto,4790
46,Aboriginal languages,Dakota,Toronto,0
47,Non-Official & Non-Aboriginal languages,Danish,Toronto,1570
48,Aboriginal languages,Dene,Toronto,10
49,Non-Official & Non-Aboriginal languages,Dinka,Toronto,45
50,Aboriginal languages,Dogrib (Tlicho),Toronto,5
51,Non-Official & Non-Aboriginal languages,"Dravidian languages, n.i.e.",Toronto,270
52,Non-Official & Non-Aboriginal languages,Dutch,Toronto,8585
53,Non-Official & Non-Aboriginal languages,Edo,Toronto,1020
54,Official languages,English,Toronto,3061820
55,Non-Official & Non-Aboriginal languages,Estonian,Toronto,2690
56,Non-Official & Non-Aboriginal languages,Ewe,Toronto,370
57,Non-Official & Non-Aboriginal languages,Fijian,Toronto,55
58,Non-Official & Non-Aboriginal languages,Finnish,Toronto,2515
59,Official languages,French,Toronto,65530
60,Non-Official & Non-Aboriginal languages,Frisian,Toronto,135
61,Non-Official & Non-Aboriginal languages,"Fulah (Pular, Pulaar, Fulfulde)",Toronto,225
62,Non-Official & Non-Aboriginal languages,Ga,Toronto,445
63,Non-Official & Non-Aboriginal languages,Ganda,Toronto,515
64,Non-Official & Non-Aboriginal languages,Georgian,Toronto,1110
65,Non-Official & Non-Aboriginal languages,German,Toronto,29425
66,Non-Official & Non-Aboriginal languages,"Germanic languages, n.i.e.",Toronto,50
67,Aboriginal languages,Gitxsan (Gitksan),Toronto,0
68,Non-Official & Non-Aboriginal languages,Greek,Toronto,41225
69,Non-Official & Non-Aboriginal languages,Gujarati,Toronto,64115
70,Aboriginal languages,Gwich'in,Toronto,0
71,Aboriginal languages,Haida,Toronto,5
72,Aboriginal languages,Haisla,Toronto,0
73,Non-Official & Non-Aboriginal languages,Haitian Creole,Toronto,200
74,Non-Official & Non-Aboriginal languages,Hakka,Toronto,6495
75,Aboriginal languages,Halkomelem,Toronto,0
76,Non-Official & Non-Aboriginal languages,Harari,Toronto,925
77,Non-Official & Non-Aboriginal languages,Hebrew,Toronto,10385
78,Aboriginal languages,Heiltsuk,Toronto,5
79,Non-Official & Non-Aboriginal languages,Hiligaynon,Toronto,2320
80,Non-Official & Non-Aboriginal languages,Hindi,Toronto,48140
81,Non-Official & Non-Aboriginal languages,Hmong-Mien languages,Toronto,25
82,Non-Official & Non-Aboriginal languages,Hungarian,Toronto,19130
83,Non-Official & Non-Aboriginal languages,Icelandic,Toronto,85
84,Non-Official & Non-Aboriginal languages,Igbo,Toronto,1520
85,Non-Official & Non-Aboriginal languages,Ilocano,Toronto,9415
86,Non-Official & Non-Aboriginal languages,"Indo-Iranian languages, n.i.e.",Toronto,1920
87,Aboriginal languages,Inuinnaqtun (Inuvialuktun),Toronto,0
88,Aboriginal languages,"Inuit languages, n.i.e.",Toronto,0
89,Aboriginal languages,Inuktitut,Toronto,30
90,Aboriginal languages,"Iroquoian languages, n.i.e.",Toronto,5
91,Non-Official & Non-Aboriginal languages,Italian,Toronto,151415
92,Non-Official & Non-Aboriginal languages,"Italic (Romance) languages, n.i.e.",Toronto,225
93,Non-Official & Non-Aboriginal languages,Japanese,Toronto,9650
94,Non-Official & Non-Aboriginal languages,Kabyle,Toronto,105
95,Non-Official & Non-Aboriginal languages,Kannada,Toronto,2020
96,Non-Official & Non-Aboriginal languages,Karenic languages,Toronto,265
97,Non-Official & Non-Aboriginal languages,Kashmiri,Toronto,275
98,Aboriginal languages,Kaska (Nahani),Toronto,0
99,Non-Official & Non-Aboriginal languages,Khmer (Cambodian),Toronto,3095
100,Non-Official & Non-Aboriginal languages,Kinyarwanda (Rwanda),Toronto,385
101,Non-Official & Non-Aboriginal languages,Konkani,Toronto,2155
102,Non-Official & Non-Aboriginal languages,Korean,Toronto,55005
103,Non-Official & Non-Aboriginal languages,Kurdish,Toronto,2775
104,Aboriginal languages,Kutenai,Toronto,0
105,Aboriginal languages,Kwakiutl (Kwak'wala),Toronto,0
106,Non-Official & Non-Aboriginal languages,Lao,Toronto,2275
107,Non-Official & Non-Aboriginal languages,Latvian,Toronto,2260
108,Aboriginal languages,Lillooet,Toronto,0
109,Non-Official & Non-Aboriginal languages,Lingala,Toronto,375
110,Non-Official & Non-Aboriginal languages,Lithuanian,Toronto,3190
111,Non-Official & Non-Aboriginal languages,Macedonian,Toronto,12015
112,Non-Official & Non-Aboriginal languages,Malagasy,Toronto,30
113,Non-Official & Non-Aboriginal languages,Malay,Toronto,4420
114,Non-Official & Non-Aboriginal languages,Malayalam,Toronto,12530
115,Aboriginal languages,Malecite,Toronto,0
116,Non-Official & Non-Aboriginal languages,Maltese,Toronto,3525
117,Non-Official & Non-Aboriginal languages,Mandarin,Toronto,227085
118,Non-Official & Non-Aboriginal languages,Marathi,Toronto,4465
119,Aboriginal languages,Mi'kmaq,Toronto,25
120,Aboriginal languages,Michif,Toronto,5
121,Non-Official & Non-Aboriginal languages,Min Dong,Toronto,765
122,Non-Official & Non-Aboriginal languages,"Min Nan (Chaochow, Teochow, Fukien, Taiwanese)",Toronto,11580
123,Aboriginal languages,Mohawk,Toronto,15
124,Non-Official & Non-Aboriginal languages,Mongolian,Toronto,345
125,Aboriginal languages,Montagnais (Innu),Toronto,0
126,Aboriginal languages,Moose Cree,Toronto,10
127,Aboriginal languages,Naskapi,Toronto,0
128,Non-Official & Non-Aboriginal languages,Nepali,Toronto,4680
129,Non-Official & Non-Aboriginal languages,"Niger-Congo languages, n.i.e.",Toronto,2940
130,Non-Official & Non-Aboriginal languages,"Nilo-Saharan languages, n.i.e.",Toronto,315
131,Aboriginal languages,Nisga'a,Toronto,0
132,Aboriginal languages,North Slavey (Hare),Toronto,0
133,Aboriginal languages,Northern East Cree,Toronto,0
134,Aboriginal languages,Northern Tutchone,Toronto,0
135,Non-Official & Non-Aboriginal languages,Norwegian,Toronto,380
136,Aboriginal languages,Nuu-chah-nulth (Nootka),Toronto,0
137,Aboriginal languages,Oji-Cree,Toronto,10
138,Aboriginal languages,Ojibway,Toronto,225
139,Aboriginal languages,Okanagan,Toronto,0
140,Aboriginal languages,Oneida,Toronto,0
141,Non-Official & Non-Aboriginal languages,Oriya (Odia),Toronto,580
142,Non-Official & Non-Aboriginal languages,Oromo,Toronto,1010
143,Non-Official & Non-Aboriginal languages,"Other languages, n.i.e.",Toronto,960
144,Aboriginal languages,Ottawa (Odawa),Toronto,15
145,Non-Official & Non-Aboriginal languages,"Pampangan (Kapampangan, Pampango)",Toronto,1305
146,Non-Official & Non-Aboriginal languages,Pangasinan,Toronto,455
147,Non-Official & Non-Aboriginal languages,Pashto,Toronto,7685
148,Non-Official & Non-Aboriginal languages,Persian (Farsi),Toronto,100640
149,Aboriginal languages,Plains Cree,Toronto,5
150,Non-Official & Non-Aboriginal languages,Polish,Toronto,69860
151,Non-Official & Non-Aboriginal languages,Portuguese,Toronto,104305
152,Non-Official & Non-Aboriginal languages,Punjabi (Panjabi),Toronto,171225
153,Non-Official & Non-Aboriginal languages,Quebec Sign Language,Toronto,0
154,Non-Official & Non-Aboriginal languages,Romanian,Toronto,25070
155,Non-Official & Non-Aboriginal languages,Rundi (Kirundi),Toronto,355
156,Non-Official & Non-Aboriginal languages,Russian,Toronto,83105
157,Aboriginal languages,"Salish languages, n.i.e.",Toronto,0
158,Aboriginal languages,Sarsi (Sarcee),Toronto,10
159,Non-Official & Non-Aboriginal languages,Scottish Gaelic,Toronto,165
160,Aboriginal languages,Sekani,Toronto,0
161,Non-Official & Non-Aboriginal languages,"Semitic languages, n.i.e.",Toronto,925
162,Non-Official & Non-Aboriginal languages,Serbian,Toronto,21420
163,Non-Official & Non-Aboriginal languages,Serbo-Croatian,Toronto,2420
164,Non-Official & Non-Aboriginal languages,Shona,Toronto,685
165,Aboriginal languages,Shuswap (Secwepemctsin),Toronto,0
166,Non-Official & Non-Aboriginal languages,"Sign languages, n.i.e",Toronto,750
167,Non-Official & Non-Aboriginal languages,Sindhi,Toronto,5800
168,Non-Official & Non-Aboriginal languages,Sinhala (Sinhalese),Toronto,7860
169,Aboriginal languages,"Siouan languages, n.i.e.",Toronto,0
170,Aboriginal languages,"Slavey, n.o.s.",Toronto,0
171,Non-Official & Non-Aboriginal languages,"Slavic languages, n.i.e.",Toronto,510
172,Non-Official & Non-Aboriginal languages,Slovak,Toronto,5255
173,Non-Official & Non-Aboriginal languages,Slovene (Slovenian),Toronto,3705
174,Non-Official & Non-Aboriginal languages,Somali,Toronto,13255
175,Aboriginal languages,South Slavey,Toronto,0
176,Aboriginal languages,Southern East Cree,Toronto,0
177,Aboriginal languages,Southern Tutchone,Toronto,0
178,Non-Official & Non-Aboriginal languages,Spanish,Toronto,126500
179,Aboriginal languages,Squamish,Toronto,0
180,Aboriginal languages,Stoney,Toronto,0
181,Aboriginal languages,Straits,Toronto,0
182,Non-Official & Non-Aboriginal languages,Swahili,Toronto,3215
183,Aboriginal languages,Swampy Cree,Toronto,30
184,Non-Official & Non-Aboriginal languages,Swedish,Toronto,1140
185,Non-Official & Non-Aboriginal languages,"Tagalog (Pilipino, Filipino)",Toronto,136110
186,Aboriginal languages,Tahltan,Toronto,0
187,Non-Official & Non-Aboriginal languages,"Tai-Kadai languages, n.i.e",Toronto,20
188,Non-Official & Non-Aboriginal languages,Tamil,Toronto,109580
189,Non-Official & Non-Aboriginal languages,Telugu,Toronto,9010
190,Non-Official & Non-Aboriginal languages,Thai,Toronto,1645
191,Aboriginal languages,Thompson (Ntlakapamux),Toronto,0
192,Non-Official & Non-Aboriginal languages,Tibetan,Toronto,4875
193,Non-Official & Non-Aboriginal languages,"Tibeto-Burman languages, n.i.e.",Toronto,335
194,Non-Official & Non-Aboriginal languages,Tigrigna,Toronto,4720
195,Aboriginal languages,Tlingit,Toronto,0
196,Aboriginal languages,Tsimshian,Toronto,0
197,Non-Official & Non-Aboriginal languages,"Turkic languages, n.i.e.",Toronto,410
198,Non-Official & Non-Aboriginal languages,Turkish,Toronto,13695
199,Non-Official & Non-Aboriginal languages,Ukrainian,Toronto,26545
200,Non-Official & Non-Aboriginal languages,"Uralic languages, n.i.e.",Toronto,0
201,Non-Official & Non-Aboriginal languages,Urdu,Toronto,128845
202,Non-Official & Non-Aboriginal languages,Uyghur,Toronto,385
203,Non-Official & Non-Aboriginal languages,Uzbek,Toronto,595
204,Non-Official & Non-Aboriginal languages,Vietnamese,Toronto,48000
205,Non-Official & Non-Aboriginal languages,Vlaams (Flemish),Toronto,280
206,Aboriginal languages,"Wakashan languages, n.i.e.",Toronto,0
207,Non-Official & Non-Aboriginal languages,Waray-Waray,Toronto,310
208,Non-Official & Non-Aboriginal languages,Welsh,Toronto,150
209,Non-Official & Non-Aboriginal languages,Wolof,Toronto,165
210,Aboriginal languages,Woods Cree,Toronto,5
211,Non-Official & Non-Aboriginal languages,Wu (Shanghainese),Toronto,5290
212,Non-Official & Non-Aboriginal languages,Yiddish,Toronto,3355
213,Non-Official & Non-Aboriginal languages,Yoruba,Toronto,3380
214,Aboriginal languages,"Aboriginal languages, n.o.s.",Montréal,30
215,Non-Official & Non-Aboriginal languages,Afrikaans,Montréal,90
216,Non-Official & Non-Aboriginal languages,"Afro-Asiatic languages, n.i.e.",Montréal,240
217,Non-Official & Non-Aboriginal languages,Akan (Twi),Montréal,1015
218,Non-Official & Non-Aboriginal languages,Albanian,Montréal,2450
219,Aboriginal languages,"Algonquian languages, n.i.e.",Montréal,5
220,Aboriginal languages,Algonquin,Montréal,30
221,Non-Official & Non-Aboriginal languages,American Sign Language,Montréal,50
222,Non-Official & Non-Aboriginal languages,Amharic,Montréal,665
223,Non-Official & Non-Aboriginal languages,Arabic,Montréal,151955
224,Non-Official & Non-Aboriginal languages,Armenian,Montréal,16170
225,Non-Official & Non-Aboriginal languages,Assyrian Neo-Aramaic,Montréal,125
226,Aboriginal languages,"Athabaskan languages, n.i.e.",Montréal,0
227,Aboriginal languages,Atikamekw,Montréal,30
228,Non-Official & Non-Aboriginal languages,"Austro-Asiatic languages, n.i.e",Montréal,15
229,Non-Official & Non-Aboriginal languages,"Austronesian languages, n.i.e.",Montréal,275
230,Non-Official & Non-Aboriginal languages,Azerbaijani,Montréal,260
231,Aboriginal languages,Babine (Wetsuwet'en),Montréal,0
232,Non-Official & Non-Aboriginal languages,Bamanankan,Montréal,975
233,Aboriginal languages,Beaver,Montréal,0
234,Non-Official & Non-Aboriginal languages,Belarusan,Montréal,70
235,Non-Official & Non-Aboriginal languages,Bengali,Montréal,10805
236,Non-Official & Non-Aboriginal languages,"Berber languages, n.i.e.",Montréal,7625
237,Non-Official & Non-Aboriginal languages,Bikol,Montréal,110
238,Non-Official & Non-Aboriginal languages,Bilen,Montréal,10
239,Aboriginal languages,Blackfoot,Montréal,5
240,Non-Official & Non-Aboriginal languages,Bosnian,Montréal,450
241,Non-Official & Non-Aboriginal languages,Bulgarian,Montréal,6390
242,Non-Official & Non-Aboriginal languages,Burmese,Montréal,60
243,Non-Official & Non-Aboriginal languages,Cantonese,Montréal,23450
244,Aboriginal languages,Carrier,Montréal,0
245,Non-Official & Non-Aboriginal languages,Catalan,Montréal,260
246,Aboriginal languages,Cayuga,Montréal,0
247,Non-Official & Non-Aboriginal languages,Cebuano,Montréal,765
248,Non-Official & Non-Aboriginal languages,"Celtic languages, n.i.e.",Montréal,65
249,Non-Official & Non-Aboriginal languages,Chaldean Neo-Aramaic,Montréal,15
250,Aboriginal languages,Chilcotin,Montréal,0
251,Non-Official & Non-Aboriginal languages,"Chinese languages, n.i.e.",Montréal,80
252,Non-Official & Non-Aboriginal languages,"Chinese, n.o.s.",Montréal,3140
253,Aboriginal languages,Comox,Montréal,0
254,Aboriginal languages,"Cree, n.o.s.",Montréal,135
255,Non-Official & Non-Aboriginal languages,"Creole languages, n.i.e.",Montréal,915
256,Non-Official & Non-Aboriginal languages,"Creole, n.o.s.",Montréal,51325
257,Non-Official & Non-Aboriginal languages,Croatian,Montréal,1865
258,Non-Official & Non-Aboriginal languages,"Cushitic languages, n.i.e.",Montréal,20
259,Non-Official & Non-Aboriginal languages,Czech,Montréal,1175
260,Aboriginal languages,Dakota,Montréal,0
261,Non-Official & Non-Aboriginal languages,Danish,Montréal,300
262,Aboriginal languages,Dene,Montréal,0
263,Non-Official & Non-Aboriginal languages,Dinka,Montréal,0
264,Aboriginal languages,Dogrib (Tlicho),Montréal,0
265,Non-Official & Non-Aboriginal languages,"Dravidian languages, n.i.e.",Montréal,15
266,Non-Official & Non-Aboriginal languages,Dutch,Montréal,1825
267,Non-Official & Non-Aboriginal languages,Edo,Montréal,70
268,Official languages,English,Montréal,444955
269,Non-Official & Non-Aboriginal languages,Estonian,Montréal,170
270,Non-Official & Non-Aboriginal languages,Ewe,Montréal,485
271,Non-Official & Non-Aboriginal languages,Fijian,Montréal,0
272,Non-Official & Non-Aboriginal languages,Finnish,Montréal,290
273,Official languages,French,Montréal,2551955
274,Non-Official & Non-Aboriginal languages,Frisian,Montréal,10
275,Non-Official & Non-Aboriginal languages,"Fulah (Pular, Pulaar, Fulfulde)",Montréal,1625
276,Non-Official & Non-Aboriginal languages,Ga,Montréal,80
277,Non-Official & Non-Aboriginal languages,Ganda,Montréal,15
278,Non-Official & Non-Aboriginal languages,Georgian,Montréal,160
279,Non-Official & Non-Aboriginal languages,German,Montréal,9235
280,Non-Official & Non-Aboriginal languages,"Germanic languages, n.i.e.",Montréal,100
281,Aboriginal languages,Gitxsan (Gitksan),Montréal,0
282,Non-Official & Non-Aboriginal languages,Greek,Montréal,37710
283,Non-Official & Non-Aboriginal languages,Gujarati,Montréal,6000
284,Aboriginal languages,Gwich'in,Montréal,5
285,Aboriginal languages,Haida,Montréal,0
286,Aboriginal languages,Haisla,Montréal,0
287,Non-Official & Non-Aboriginal languages,Haitian Creole,Montréal,1965
288,Non-Official & Non-Aboriginal languages,Hakka,Montréal,460
289,Aboriginal languages,Halkomelem,Montréal,0
290,Non-Official & Non-Aboriginal languages,Harari,Montréal,5
291,Non-Official & Non-Aboriginal languages,Hebrew,Montréal,3810
292,Aboriginal languages,Heiltsuk,Montréal,0
293,Non-Official & Non-Aboriginal languages,Hiligaynon,Montréal,400
294,Non-Official & Non-Aboriginal languages,Hindi,Montréal,2900
295,Non-Official & Non-Aboriginal languages,Hmong-Mien languages,Montréal,20
296,Non-Official & Non-Aboriginal languages,Hungarian,Montréal,5190
297,Non-Official & Non-Aboriginal languages,Icelandic,Montréal,60
298,Non-Official & Non-Aboriginal languages,Igbo,Montréal,100
299,Non-Official & Non-Aboriginal languages,Ilocano,Montréal,2035
300,Non-Official & Non-Aboriginal languages,"Indo-Iranian languages, n.i.e.",Montréal,330
301,Aboriginal languages,Inuinnaqtun (Inuvialuktun),Montréal,0
302,Aboriginal languages,"Inuit languages, n.i.e.",Montréal,35
303,Aboriginal languages,Inuktitut,Montréal,225
304,Aboriginal languages,"Iroquoian languages, n.i.e.",Montréal,0
305,Non-Official & Non-Aboriginal languages,Italian,Montréal,101230
306,Non-Official & Non-Aboriginal languages,"Italic (Romance) languages, n.i.e.",Montréal,95
307,Non-Official & Non-Aboriginal languages,Japanese,Montréal,2065
308,Non-Official & Non-Aboriginal languages,Kabyle,Montréal,11320
309,Non-Official & Non-Aboriginal languages,Kannada,Montréal,230
310,Non-Official & Non-Aboriginal languages,Karenic languages,Montréal,0
311,Non-Official & Non-Aboriginal languages,Kashmiri,Montréal,20
312,Aboriginal languages,Kaska (Nahani),Montréal,0
313,Non-Official & Non-Aboriginal languages,Khmer (Cambodian),Montréal,7950
314,Non-Official & Non-Aboriginal languages,Kinyarwanda (Rwanda),Montréal,1425
315,Non-Official & Non-Aboriginal languages,Konkani,Montréal,105
316,Non-Official & Non-Aboriginal languages,Korean,Montréal,4865
317,Non-Official & Non-Aboriginal languages,Kurdish,Montréal,795
318,Aboriginal languages,Kutenai,Montréal,0
319,Aboriginal languages,Kwakiutl (Kwak'wala),Montréal,0
320,Non-Official & Non-Aboriginal languages,Lao,Montréal,3545
321,Non-Official & Non-Aboriginal languages,Latvian,Montréal,240
322,Aboriginal languages,Lillooet,Montréal,0
323,Non-Official & Non-Aboriginal languages,Lingala,Montréal,1975
324,Non-Official & Non-Aboriginal languages,Lithuanian,Montréal,485
325,Non-Official & Non-Aboriginal languages,Macedonian,Montréal,175
326,Non-Official & Non-Aboriginal languages,Malagasy,Montréal,830
327,Non-Official & Non-Aboriginal languages,Malay,Montréal,605
328,Non-Official & Non-Aboriginal languages,Malayalam,Montréal,405
329,Aboriginal languages,Malecite,Montréal,0
330,Non-Official & Non-Aboriginal languages,Maltese,Montréal,15
331,Non-Official & Non-Aboriginal languages,Mandarin,Montréal,40195
332,Non-Official & Non-Aboriginal languages,Marathi,Montréal,235
333,Aboriginal languages,Mi'kmaq,Montréal,20
334,Aboriginal languages,Michif,Montréal,0
335,Non-Official & Non-Aboriginal languages,Min Dong,Montréal,20
336,Non-Official & Non-Aboriginal languages,"Min Nan (Chaochow, Teochow, Fukien, Taiwanese)",Montréal,3110
337,Aboriginal languages,Mohawk,Montréal,70
338,Non-Official & Non-Aboriginal languages,Mongolian,Montréal,185
339,Aboriginal languages,Montagnais (Innu),Montréal,70
340,Aboriginal languages,Moose Cree,Montréal,0
341,Aboriginal languages,Naskapi,Montréal,15
342,Non-Official & Non-Aboriginal languages,Nepali,Montréal,350
343,Non-Official & Non-Aboriginal languages,"Niger-Congo languages, n.i.e.",Montréal,5760
344,Non-Official & Non-Aboriginal languages,"Nilo-Saharan languages, n.i.e.",Montréal,170
345,Aboriginal languages,Nisga'a,Montréal,5
346,Aboriginal languages,North Slavey (Hare),Montréal,0
347,Aboriginal languages,Northern East Cree,Montréal,50
348,Aboriginal languages,Northern Tutchone,Montréal,0
349,Non-Official & Non-Aboriginal languages,Norwegian,Montréal,145
350,Aboriginal languages,Nuu-chah-nulth (Nootka),Montréal,0
351,Aboriginal languages,Oji-Cree,Montréal,0
352,Aboriginal languages,Ojibway,Montréal,5
353,Aboriginal languages,Okanagan,Montréal,0
354,Aboriginal languages,Oneida,Montréal,0
355,Non-Official & Non-Aboriginal languages,Oriya (Odia),Montréal,30
356,Non-Official & Non-Aboriginal languages,Oromo,Montréal,5
357,Non-Official & Non-Aboriginal languages,"Other languages, n.i.e.",Montréal,485
358,Aboriginal languages,Ottawa (Odawa),Montréal,0
359,Non-Official & Non-Aboriginal languages,"Pampangan (Kapampangan, Pampango)",Montréal,200
360,Non-Official & Non-Aboriginal languages,Pangasinan,Montréal,90
361,Non-Official & Non-Aboriginal languages,Pashto,Montréal,1190
362,Non-Official & Non-Aboriginal languages,Persian (Farsi),Montréal,24740
363,Aboriginal languages,Plains Cree,Montréal,0
364,Non-Official & Non-Aboriginal languages,Polish,Montréal,12185
365,Non-Official & Non-Aboriginal languages,Portuguese,Montréal,31030
366,Non-Official & Non-Aboriginal languages,Punjabi (Panjabi),Montréal,12250
367,Non-Official & Non-Aboriginal languages,Quebec Sign Language,Montréal,435
368,Non-Official & Non-Aboriginal languages,Romanian,Montréal,33050
369,Non-Official & Non-Aboriginal languages,Rundi (Kirundi),Montréal,1700
370,Non-Official & Non-Aboriginal languages,Russian,Montréal,26370
371,Aboriginal languages,"Salish languages, n.i.e.",Montréal,0
372,Aboriginal languages,Sarsi (Sarcee),Montréal,0
373,Non-Official & Non-Aboriginal languages,Scottish Gaelic,Montréal,15
374,Aboriginal languages,Sekani,Montréal,0
375,Non-Official & Non-Aboriginal languages,"Semitic languages, n.i.e.",Montréal,85
376,Non-Official & Non-Aboriginal languages,Serbian,Montréal,1890
377,Non-Official & Non-Aboriginal languages,Serbo-Croatian,Montréal,655
378,Non-Official & Non-Aboriginal languages,Shona,Montréal,75
379,Aboriginal languages,Shuswap (Secwepemctsin),Montréal,0
380,Non-Official & Non-Aboriginal languages,"Sign languages, n.i.e",Montréal,315
381,Non-Official & Non-Aboriginal languages,Sindhi,Montréal,310
382,Non-Official & Non-Aboriginal languages,Sinhala (Sinhalese),Montréal,620
383,Aboriginal languages,"Siouan languages, n.i.e.",Montréal,0
384,Aboriginal languages,"Slavey, n.o.s.",Montréal,5
385,Non-Official & Non-Aboriginal languages,"Slavic languages, n.i.e.",Montréal,125
386,Non-Official & Non-Aboriginal languages,Slovak,Montréal,900
387,Non-Official & Non-Aboriginal languages,Slovene (Slovenian),Montréal,690
388,Non-Official & Non-Aboriginal languages,Somali,Montréal,725
389,Aboriginal languages,South Slavey,Montréal,0
390,Aboriginal languages,Southern East Cree,Montréal,15
391,Aboriginal languages,Southern Tutchone,Montréal,0
392,Non-Official & Non-Aboriginal languages,Spanish,Montréal,120765
393,Aboriginal languages,Squamish,Montréal,0
394,Aboriginal languages,Stoney,Montréal,0
395,Aboriginal languages,Straits,Montréal,0
396,Non-Official & Non-Aboriginal languages,Swahili,Montréal,1305
397,Aboriginal languages,Swampy Cree,Montréal,0
398,Non-Official & Non-Aboriginal languages,Swedish,Montréal,450
399,Non-Official & Non-Aboriginal languages,"Tagalog (Pilipino, Filipino)",Montréal,14865
400,Aboriginal languages,Tahltan,Montréal,0
401,Non-Official & Non-Aboriginal languages,"Tai-Kadai languages, n.i.e",Montréal,5
402,Non-Official & Non-Aboriginal languages,Tamil,Montréal,13490
403,Non-Official & Non-Aboriginal languages,Telugu,Montréal,555
404,Non-Official & Non-Aboriginal languages,Thai,Montréal,530
405,Aboriginal languages,Thompson (Ntlakapamux),Montréal,0
406,Non-Official & Non-Aboriginal languages,Tibetan,Montréal,95
407,Non-Official & Non-Aboriginal languages,"Tibeto-Burman languages, n.i.e.",Montréal,70
408,Non-Official & Non-Aboriginal languages,Tigrigna,Montréal,340
409,Aboriginal languages,Tlingit,Montréal,0
410,Aboriginal languages,Tsimshian,Montréal,0
411,Non-Official & Non-Aboriginal languages,"Turkic languages, n.i.e.",Montréal,170
412,Non-Official & Non-Aboriginal languages,Turkish,Montréal,6625
413,Non-Official & Non-Aboriginal languages,Ukrainian,Montréal,4640
414,Non-Official & Non-Aboriginal languages,"Uralic languages, n.i.e.",Montréal,0
415,Non-Official & Non-Aboriginal languages,Urdu,Montréal,10260
416,Non-Official & Non-Aboriginal languages,Uyghur,Montréal,190
417,Non-Official & Non-Aboriginal languages,Uzbek,Montréal,125
418,Non-Official & Non-Aboriginal languages,Vietnamese,Montréal,25430
419,Non-Official & Non-Aboriginal languages,Vlaams (Flemish),Montréal,305
420,Aboriginal languages,"Wakashan languages, n.i.e.",Montréal,0
421,Non-Official & Non-Aboriginal languages,Waray-Waray,Montréal,50
422,Non-Official & Non-Aboriginal languages,Welsh,Montréal,30
423,Non-Official & Non-Aboriginal languages,Wolof,Montréal,2440
424,Aboriginal languages,Woods Cree,Montréal,0
425,Non-Official & Non-Aboriginal languages,Wu (Shanghainese),Montréal,1025
426,Non-Official & Non-Aboriginal languages,Yiddish,Montréal,8960
427,Non-Official & Non-Aboriginal languages,Yoruba,Montréal,210
428,Aboriginal languages,"Aboriginal languages, n.o.s.",Vancouver,70
429,Non-Official & Non-Aboriginal languages,Afrikaans,Vancouver,1435
430,Non-Official & Non-Aboriginal languages,"Afro-Asiatic languages, n.i.e.",Vancouver,45
431,Non-Official & Non-Aboriginal languages,Akan (Twi),Vancouver,400
432,Non-Official & Non-Aboriginal languages,Albanian,Vancouver,1090
433,Aboriginal languages,"Algonquian languages, n.i.e.",Vancouver,0
434,Aboriginal languages,Algonquin,Vancouver,5
435,Non-Official & Non-Aboriginal languages,American Sign Language,Vancouver,265
436,Non-Official & Non-Aboriginal languages,Amharic,Vancouver,1140
437,Non-Official & Non-Aboriginal languages,Arabic,Vancouver,14320
438,Non-Official & Non-Aboriginal languages,Armenian,Vancouver,1060
439,Non-Official & Non-Aboriginal languages,Assyrian Neo-Aramaic,Vancouver,630
440,Aboriginal languages,"Athabaskan languages, n.i.e.",Vancouver,5
441,Aboriginal languages,Atikamekw,Vancouver,0
442,Non-Official & Non-Aboriginal languages,"Austro-Asiatic languages, n.i.e",Vancouver,35
443,Non-Official & Non-Aboriginal languages,"Austronesian languages, n.i.e.",Vancouver,830
444,Non-Official & Non-Aboriginal languages,Azerbaijani,Vancouver,500
445,Aboriginal languages,Babine (Wetsuwet'en),Vancouver,5
446,Non-Official & Non-Aboriginal languages,Bamanankan,Vancouver,10
447,Aboriginal languages,Beaver,Vancouver,0
448,Non-Official & Non-Aboriginal languages,Belarusan,Vancouver,60
449,Non-Official & Non-Aboriginal languages,Bengali,Vancouver,2680
450,Non-Official & Non-Aboriginal languages,"Berber languages, n.i.e.",Vancouver,60
451,Non-Official & Non-Aboriginal languages,Bikol,Vancouver,310
452,Non-Official & Non-Aboriginal languages,Bilen,Vancouver,5
453,Aboriginal languages,Blackfoot,Vancouver,25
454,Non-Official & Non-Aboriginal languages,Bosnian,Vancouver,1155
455,Non-Official & Non-Aboriginal languages,Bulgarian,Vancouver,1720
456,Non-Official & Non-Aboriginal languages,Burmese,Vancouver,1040
457,Non-Official & Non-Aboriginal languages,Cantonese,Vancouver,184365
458,Aboriginal languages,Carrier,Vancouver,35
459,Non-Official & Non-Aboriginal languages,Catalan,Vancouver,125
460,Aboriginal languages,Cayuga,Vancouver,0
461,Non-Official & Non-Aboriginal languages,Cebuano,Vancouver,3210
462,Non-Official & Non-Aboriginal languages,"Celtic languages, n.i.e.",Vancouver,65
463,Non-Official & Non-Aboriginal languages,Chaldean Neo-Aramaic,Vancouver,435
464,Aboriginal languages,Chilcotin,Vancouver,25
465,Non-Official & Non-Aboriginal languages,"Chinese languages, n.i.e.",Vancouver,195
466,Non-Official & Non-Aboriginal languages,"Chinese, n.o.s.",Vancouver,8485
467,Aboriginal languages,Comox,Vancouver,0
468,Aboriginal languages,"Cree, n.o.s.",Vancouver,145
469,Non-Official & Non-Aboriginal languages,"Creole languages, n.i.e.",Vancouver,225
470,Non-Official & Non-Aboriginal languages,"Creole, n.o.s.",Vancouver,365
471,Non-Official & Non-Aboriginal languages,Croatian,Vancouver,5465
472,Non-Official & Non-Aboriginal languages,"Cushitic languages, n.i.e.",Vancouver,10
473,Non-Official & Non-Aboriginal languages,Czech,Vancouver,3565
474,Aboriginal languages,Dakota,Vancouver,20
475,Non-Official & Non-Aboriginal languages,Danish,Vancouver,2070
476,Aboriginal languages,Dene,Vancouver,20
477,Non-Official & Non-Aboriginal languages,Dinka,Vancouver,80
478,Aboriginal languages,Dogrib (Tlicho),Vancouver,0
479,Non-Official & Non-Aboriginal languages,"Dravidian languages, n.i.e.",Vancouver,45
480,Non-Official & Non-Aboriginal languages,Dutch,Vancouver,7455
481,Non-Official & Non-Aboriginal languages,Edo,Vancouver,80
482,Official languages,English,Vancouver,1316635
483,Non-Official & Non-Aboriginal languages,Estonian,Vancouver,455
484,Non-Official & Non-Aboriginal languages,Ewe,Vancouver,60
485,Non-Official & Non-Aboriginal languages,Fijian,Vancouver,390
486,Non-Official & Non-Aboriginal languages,Finnish,Vancouver,1900
487,Official languages,French,Vancouver,25005
488,Non-Official & Non-Aboriginal languages,Frisian,Vancouver,80
489,Non-Official & Non-Aboriginal languages,"Fulah (Pular, Pulaar, Fulfulde)",Vancouver,15
490,Non-Official & Non-Aboriginal languages,Ga,Vancouver,30
491,Non-Official & Non-Aboriginal languages,Ganda,Vancouver,65
492,Non-Official & Non-Aboriginal languages,Georgian,Vancouver,65
493,Non-Official & Non-Aboriginal languages,German,Vancouver,24060
494,Non-Official & Non-Aboriginal languages,"Germanic languages, n.i.e.",Vancouver,30
495,Aboriginal languages,Gitxsan (Gitksan),Vancouver,50
496,Non-Official & Non-Aboriginal languages,Greek,Vancouver,4880
497,Non-Official & Non-Aboriginal languages,Gujarati,Vancouver,6285
498,Aboriginal languages,Gwich'in,Vancouver,10
499,Aboriginal languages,Haida,Vancouver,10
500,Aboriginal languages,Haisla,Vancouver,10
501,Non-Official & Non-Aboriginal languages,Haitian Creole,Vancouver,20
502,Non-Official & Non-Aboriginal languages,Hakka,Vancouver,2185
503,Aboriginal languages,Halkomelem,Vancouver,40
504,Non-Official & Non-Aboriginal languages,Harari,Vancouver,20
505,Non-Official & Non-Aboriginal languages,Hebrew,Vancouver,1770
506,Aboriginal languages,Heiltsuk,Vancouver,15
507,Non-Official & Non-Aboriginal languages,Hiligaynon,Vancouver,1280
508,Non-Official & Non-Aboriginal languages,Hindi,Vancouver,24220
509,Non-Official & Non-Aboriginal languages,Hmong-Mien languages,Vancouver,130
510,Non-Official & Non-Aboriginal languages,Hungarian,Vancouver,5285
511,Non-Official & Non-Aboriginal languages,Icelandic,Vancouver,155
512,Non-Official & Non-Aboriginal languages,Igbo,Vancouver,155
513,Non-Official & Non-Aboriginal languages,Ilocano,Vancouver,4605
514,Non-Official & Non-Aboriginal languages,"Indo-Iranian languages, n.i.e.",Vancouver,340
515,Aboriginal languages,Inuinnaqtun (Inuvialuktun),Vancouver,0
516,Aboriginal languages,"Inuit languages, n.i.e.",Vancouver,5
517,Aboriginal languages,Inuktitut,Vancouver,15
518,Aboriginal languages,"Iroquoian languages, n.i.e.",Vancouver,0
519,Non-Official & Non-Aboriginal languages,Italian,Vancouver,15445
520,Non-Official & Non-Aboriginal languages,"Italic (Romance) languages, n.i.e.",Vancouver,60
521,Non-Official & Non-Aboriginal languages,Japanese,Vancouver,16900
522,Non-Official & Non-Aboriginal languages,Kabyle,Vancouver,35
523,Non-Official & Non-Aboriginal languages,Kannada,Vancouver,225
524,Non-Official & Non-Aboriginal languages,Karenic languages,Vancouver,765
525,Non-Official & Non-Aboriginal languages,Kashmiri,Vancouver,45
526,Aboriginal languages,Kaska (Nahani),Vancouver,0
527,Non-Official & Non-Aboriginal languages,Khmer (Cambodian),Vancouver,1210
528,Non-Official & Non-Aboriginal languages,Kinyarwanda (Rwanda),Vancouver,105
529,Non-Official & Non-Aboriginal languages,Konkani,Vancouver,225
530,Non-Official & Non-Aboriginal languages,Korean,Vancouver,45990
531,Non-Official & Non-Aboriginal languages,Kurdish,Vancouver,1655
532,Aboriginal languages,Kutenai,Vancouver,5
533,Aboriginal languages,Kwakiutl (Kwak'wala),Vancouver,15
534,Non-Official & Non-Aboriginal languages,Lao,Vancouver,800
535,Non-Official & Non-Aboriginal languages,Latvian,Vancouver,320
536,Aboriginal languages,Lillooet,Vancouver,10
537,Non-Official & Non-Aboriginal languages,Lingala,Vancouver,55
538,Non-Official & Non-Aboriginal languages,Lithuanian,Vancouver,330
539,Non-Official & Non-Aboriginal languages,Macedonian,Vancouver,250
540,Non-Official & Non-Aboriginal languages,Malagasy,Vancouver,15
541,Non-Official & Non-Aboriginal languages,Malay,Vancouver,3480
542,Non-Official & Non-Aboriginal languages,Malayalam,Vancouver,1750
543,Aboriginal languages,Malecite,Vancouver,0
544,Non-Official & Non-Aboriginal languages,Maltese,Vancouver,80
545,Non-Official & Non-Aboriginal languages,Mandarin,Vancouver,174920
546,Non-Official & Non-Aboriginal languages,Marathi,Vancouver,535
547,Aboriginal languages,Mi'kmaq,Vancouver,5
548,Aboriginal languages,Michif,Vancouver,10
549,Non-Official & Non-Aboriginal languages,Min Dong,Vancouver,220
550,Non-Official & Non-Aboriginal languages,"Min Nan (Chaochow, Teochow, Fukien, Taiwanese)",Vancouver,10655
551,Aboriginal languages,Mohawk,Vancouver,5
552,Non-Official & Non-Aboriginal languages,Mongolian,Vancouver,345
553,Aboriginal languages,Montagnais (Innu),Vancouver,0
554,Aboriginal languages,Moose Cree,Vancouver,0
555,Aboriginal languages,Naskapi,Vancouver,0
556,Non-Official & Non-Aboriginal languages,Nepali,Vancouver,915
557,Non-Official & Non-Aboriginal languages,"Niger-Congo languages, n.i.e.",Vancouver,610
558,Non-Official & Non-Aboriginal languages,"Nilo-Saharan languages, n.i.e.",Vancouver,185
559,Aboriginal languages,Nisga'a,Vancouver,30
560,Aboriginal languages,North Slavey (Hare),Vancouver,0
561,Aboriginal languages,Northern East Cree,Vancouver,0
562,Aboriginal languages,Northern Tutchone,Vancouver,0
563,Non-Official & Non-Aboriginal languages,Norwegian,Vancouver,840
564,Aboriginal languages,Nuu-chah-nulth (Nootka),Vancouver,10
565,Aboriginal languages,Oji-Cree,Vancouver,5
566,Aboriginal languages,Ojibway,Vancouver,60
567,Aboriginal languages,Okanagan,Vancouver,5
568,Aboriginal languages,Oneida,Vancouver,0
569,Non-Official & Non-Aboriginal languages,Oriya (Odia),Vancouver,65
570,Non-Official & Non-Aboriginal languages,Oromo,Vancouver,170
571,Non-Official & Non-Aboriginal languages,"Other languages, n.i.e.",Vancouver,365
572,Aboriginal languages,Ottawa (Odawa),Vancouver,0
573,Non-Official & Non-Aboriginal languages,"Pampangan (Kapampangan, Pampango)",Vancouver,630
574,Non-Official & Non-Aboriginal languages,Pangasinan,Vancouver,265
575,Non-Official & Non-Aboriginal languages,Pashto,Vancouver,1070
576,Non-Official & Non-Aboriginal languages,Persian (Farsi),Vancouver,41260
577,Aboriginal languages,Plains Cree,Vancouver,40
578,Non-Official & Non-Aboriginal languages,Polish,Vancouver,12040
579,Non-Official & Non-Aboriginal languages,Portuguese,Vancouver,11950
580,Non-Official & Non-Aboriginal languages,Punjabi (Panjabi),Vancouver,151205
581,Non-Official & Non-Aboriginal languages,Quebec Sign Language,Vancouver,0
582,Non-Official & Non-Aboriginal languages,Romanian,Vancouver,7170
583,Non-Official & Non-Aboriginal languages,Rundi (Kirundi),Vancouver,100
584,Non-Official & Non-Aboriginal languages,Russian,Vancouver,18175
585,Aboriginal languages,"Salish languages, n.i.e.",Vancouver,40
586,Aboriginal languages,Sarsi (Sarcee),Vancouver,5
587,Non-Official & Non-Aboriginal languages,Scottish Gaelic,Vancouver,125
588,Aboriginal languages,Sekani,Vancouver,5
589,Non-Official & Non-Aboriginal languages,"Semitic languages, n.i.e.",Vancouver,135
590,Non-Official & Non-Aboriginal languages,Serbian,Vancouver,6300
591,Non-Official & Non-Aboriginal languages,Serbo-Croatian,Vancouver,1145
592,Non-Official & Non-Aboriginal languages,Shona,Vancouver,150
593,Aboriginal languages,Shuswap (Secwepemctsin),Vancouver,10
594,Non-Official & Non-Aboriginal languages,"Sign languages, n.i.e",Vancouver,355
595,Non-Official & Non-Aboriginal languages,Sindhi,Vancouver,1575
596,Non-Official & Non-Aboriginal languages,Sinhala (Sinhalese),Vancouver,1460
597,Aboriginal languages,"Siouan languages, n.i.e.",Vancouver,5
598,Aboriginal languages,"Slavey, n.o.s.",Vancouver,5
599,Non-Official & Non-Aboriginal languages,"Slavic languages, n.i.e.",Vancouver,175
600,Non-Official & Non-Aboriginal languages,Slovak,Vancouver,2390
601,Non-Official & Non-Aboriginal languages,Slovene (Slovenian),Vancouver,545
602,Non-Official & Non-Aboriginal languages,Somali,Vancouver,1175
603,Aboriginal languages,South Slavey,Vancouver,0
604,Aboriginal languages,Southern East Cree,Vancouver,0
605,Aboriginal languages,Southern Tutchone,Vancouver,0
606,Non-Official & Non-Aboriginal languages,Spanish,Vancouver,36625
607,Aboriginal languages,Squamish,Vancouver,20
608,Aboriginal languages,Stoney,Vancouver,0
609,Aboriginal languages,Straits,Vancouver,0
610,Non-Official & Non-Aboriginal languages,Swahili,Vancouver,585
611,Aboriginal languages,Swampy Cree,Vancouver,15
612,Non-Official & Non-Aboriginal languages,Swedish,Vancouver,1290
613,Non-Official & Non-Aboriginal languages,"Tagalog (Pilipino, Filipino)",Vancouver,66825
614,Aboriginal languages,Tahltan,Vancouver,0
615,Non-Official & Non-Aboriginal languages,"Tai-Kadai languages, n.i.e",Vancouver,15
616,Non-Official & Non-Aboriginal languages,Tamil,Vancouver,3275
617,Non-Official & Non-Aboriginal languages,Telugu,Vancouver,920
618,Non-Official & Non-Aboriginal languages,Thai,Vancouver,1930
619,Aboriginal languages,Thompson (Ntlakapamux),Vancouver,15
620,Non-Official & Non-Aboriginal languages,Tibetan,Vancouver,265
621,Non-Official & Non-Aboriginal languages,"Tibeto-Burman languages, n.i.e.",Vancouver,220
622,Non-Official & Non-Aboriginal languages,Tigrigna,Vancouver,695
623,Aboriginal languages,Tlingit,Vancouver,0
624,Aboriginal languages,Tsimshian,Vancouver,25
625,Non-Official & Non-Aboriginal languages,"Turkic languages, n.i.e.",Vancouver,170
626,Non-Official & Non-Aboriginal languages,Turkish,Vancouver,2770
627,Non-Official & Non-Aboriginal languages,Ukrainian,Vancouver,3990
628,Non-Official & Non-Aboriginal languages,"Uralic languages, n.i.e.",Vancouver,0
629,Non-Official & Non-Aboriginal languages,Urdu,Vancouver,8875
630,Non-Official & Non-Aboriginal languages,Uyghur,Vancouver,170
631,Non-Official & Non-Aboriginal languages,Uzbek,Vancouver,100
632,Non-Official & Non-Aboriginal languages,Vietnamese,Vancouver,22955
633,Non-Official & Non-Aboriginal languages,Vlaams (Flemish),Vancouver,195
634,Aboriginal languages,"Wakashan languages, n.i.e.",Vancouver,0
635,Non-Official & Non-Aboriginal languages,Waray-Waray,Vancouver,180
636,Non-Official & Non-Aboriginal languages,Welsh,Vancouver,120
637,Non-Official & Non-Aboriginal languages,Wolof,Vancouver,30
638,Aboriginal languages,Woods Cree,Vancouver,20
639,Non-Official & Non-Aboriginal languages,Wu (Shanghainese),Vancouver,4330
640,Non-Official & Non-Aboriginal languages,Yiddish,Vancouver,220
641,Non-Official & Non-Aboriginal languages,Yoruba,Vancouver,190
642,Aboriginal languages,"Aboriginal languages, n.o.s.",Calgary,20
643,Non-Official & Non-Aboriginal languages,Afrikaans,Calgary,960
644,Non-Official & Non-Aboriginal languages,"Afro-Asiatic languages, n.i.e.",Calgary,45
645,Non-Official & Non-Aboriginal languages,Akan (Twi),Calgary,705
646,Non-Official & Non-Aboriginal languages,Albanian,Calgary,1365
647,Aboriginal languages,"Algonquian languages, n.i.e.",Calgary,0
648,Aboriginal languages,Algonquin,Calgary,5
649,Non-Official & Non-Aboriginal languages,American Sign Language,Calgary,100
650,Non-Official & Non-Aboriginal languages,Amharic,Calgary,4075
651,Non-Official & Non-Aboriginal languages,Arabic,Calgary,18965
652,Non-Official & Non-Aboriginal languages,Armenian,Calgary,250
653,Non-Official & Non-Aboriginal languages,Assyrian Neo-Aramaic,Calgary,295
654,Aboriginal languages,"Athabaskan languages, n.i.e.",Calgary,0
655,Aboriginal languages,Atikamekw,Calgary,0
656,Non-Official & Non-Aboriginal languages,"Austro-Asiatic languages, n.i.e",Calgary,5
657,Non-Official & Non-Aboriginal languages,"Austronesian languages, n.i.e.",Calgary,485
658,Non-Official & Non-Aboriginal languages,Azerbaijani,Calgary,240
659,Aboriginal languages,Babine (Wetsuwet'en),Calgary,0
660,Non-Official & Non-Aboriginal languages,Bamanankan,Calgary,15
661,Aboriginal languages,Beaver,Calgary,0
662,Non-Official & Non-Aboriginal languages,Belarusan,Calgary,20
663,Non-Official & Non-Aboriginal languages,Bengali,Calgary,4140
664,Non-Official & Non-Aboriginal languages,"Berber languages, n.i.e.",Calgary,80
665,Non-Official & Non-Aboriginal languages,Bikol,Calgary,205
666,Non-Official & Non-Aboriginal languages,Bilen,Calgary,50
667,Aboriginal languages,Blackfoot,Calgary,235
668,Non-Official & Non-Aboriginal languages,Bosnian,Calgary,845
669,Non-Official & Non-Aboriginal languages,Bulgarian,Calgary,945
670,Non-Official & Non-Aboriginal languages,Burmese,Calgary,270
671,Non-Official & Non-Aboriginal languages,Cantonese,Calgary,34235
672,Aboriginal languages,Carrier,Calgary,0
673,Non-Official & Non-Aboriginal languages,Catalan,Calgary,45
674,Aboriginal languages,Cayuga,Calgary,0
675,Non-Official & Non-Aboriginal languages,Cebuano,Calgary,2015
676,Non-Official & Non-Aboriginal languages,"Celtic languages, n.i.e.",Calgary,20
677,Non-Official & Non-Aboriginal languages,Chaldean Neo-Aramaic,Calgary,85
678,Aboriginal languages,Chilcotin,Calgary,0
679,Non-Official & Non-Aboriginal languages,"Chinese languages, n.i.e.",Calgary,10
680,Non-Official & Non-Aboriginal languages,"Chinese, n.o.s.",Calgary,2485
681,Aboriginal languages,Comox,Calgary,0
682,Aboriginal languages,"Cree, n.o.s.",Calgary,140
683,Non-Official & Non-Aboriginal languages,"Creole languages, n.i.e.",Calgary,180
684,Non-Official & Non-Aboriginal languages,"Creole, n.o.s.",Calgary,430
685,Non-Official & Non-Aboriginal languages,Croatian,Calgary,2100
686,Non-Official & Non-Aboriginal languages,"Cushitic languages, n.i.e.",Calgary,10
687,Non-Official & Non-Aboriginal languages,Czech,Calgary,1500
688,Aboriginal languages,Dakota,Calgary,25
689,Non-Official & Non-Aboriginal languages,Danish,Calgary,860
690,Aboriginal languages,Dene,Calgary,20
691,Non-Official & Non-Aboriginal languages,Dinka,Calgary,725
692,Aboriginal languages,Dogrib (Tlicho),Calgary,0
693,Non-Official & Non-Aboriginal languages,"Dravidian languages, n.i.e.",Calgary,30
694,Non-Official & Non-Aboriginal languages,Dutch,Calgary,4045
695,Non-Official & Non-Aboriginal languages,Edo,Calgary,105
696,Official languages,English,Calgary,937055
697,Non-Official & Non-Aboriginal languages,Estonian,Calgary,95
698,Non-Official & Non-Aboriginal languages,Ewe,Calgary,60
699,Non-Official & Non-Aboriginal languages,Fijian,Calgary,45
700,Non-Official & Non-Aboriginal languages,Finnish,Calgary,325
701,Official languages,French,Calgary,20720
702,Non-Official & Non-Aboriginal languages,Frisian,Calgary,40
703,Non-Official & Non-Aboriginal languages,"Fulah (Pular, Pulaar, Fulfulde)",Calgary,80
704,Non-Official & Non-Aboriginal languages,Ga,Calgary,65
705,Non-Official & Non-Aboriginal languages,Ganda,Calgary,40
706,Non-Official & Non-Aboriginal languages,Georgian,Calgary,130
707,Non-Official & Non-Aboriginal languages,German,Calgary,11865
708,Non-Official & Non-Aboriginal languages,"Germanic languages, n.i.e.",Calgary,10
709,Aboriginal languages,Gitxsan (Gitksan),Calgary,0
710,Non-Official & Non-Aboriginal languages,Greek,Calgary,1590
711,Non-Official & Non-Aboriginal languages,Gujarati,Calgary,5575
712,Aboriginal languages,Gwich'in,Calgary,5
713,Aboriginal languages,Haida,Calgary,0
714,Aboriginal languages,Haisla,Calgary,0
715,Non-Official & Non-Aboriginal languages,Haitian Creole,Calgary,25
716,Non-Official & Non-Aboriginal languages,Hakka,Calgary,345
717,Aboriginal languages,Halkomelem,Calgary,0
718,Non-Official & Non-Aboriginal languages,Harari,Calgary,75
719,Non-Official & Non-Aboriginal languages,Hebrew,Calgary,505
720,Aboriginal languages,Heiltsuk,Calgary,0
721,Non-Official & Non-Aboriginal languages,Hiligaynon,Calgary,690
722,Non-Official & Non-Aboriginal languages,Hindi,Calgary,7390
723,Non-Official & Non-Aboriginal languages,Hmong-Mien languages,Calgary,90
724,Non-Official & Non-Aboriginal languages,Hungarian,Calgary,3640
725,Non-Official & Non-Aboriginal languages,Icelandic,Calgary,70
726,Non-Official & Non-Aboriginal languages,Igbo,Calgary,710
727,Non-Official & Non-Aboriginal languages,Ilocano,Calgary,2595
728,Non-Official & Non-Aboriginal languages,"Indo-Iranian languages, n.i.e.",Calgary,955
729,Aboriginal languages,Inuinnaqtun (Inuvialuktun),Calgary,5
730,Aboriginal languages,"Inuit languages, n.i.e.",Calgary,10
731,Aboriginal languages,Inuktitut,Calgary,10
732,Aboriginal languages,"Iroquoian languages, n.i.e.",Calgary,0
733,Non-Official & Non-Aboriginal languages,Italian,Calgary,5430
734,Non-Official & Non-Aboriginal languages,"Italic (Romance) languages, n.i.e.",Calgary,10
735,Non-Official & Non-Aboriginal languages,Japanese,Calgary,2420
736,Non-Official & Non-Aboriginal languages,Kabyle,Calgary,65
737,Non-Official & Non-Aboriginal languages,Kannada,Calgary,285
738,Non-Official & Non-Aboriginal languages,Karenic languages,Calgary,280
739,Non-Official & Non-Aboriginal languages,Kashmiri,Calgary,85
740,Aboriginal languages,Kaska (Nahani),Calgary,0
741,Non-Official & Non-Aboriginal languages,Khmer (Cambodian),Calgary,880
742,Non-Official & Non-Aboriginal languages,Kinyarwanda (Rwanda),Calgary,125
743,Non-Official & Non-Aboriginal languages,Konkani,Calgary,175
744,Non-Official & Non-Aboriginal languages,Korean,Calgary,9225
745,Non-Official & Non-Aboriginal languages,Kurdish,Calgary,750
746,Aboriginal languages,Kutenai,Calgary,5
747,Aboriginal languages,Kwakiutl (Kwak'wala),Calgary,0
748,Non-Official & Non-Aboriginal languages,Lao,Calgary,470
749,Non-Official & Non-Aboriginal languages,Latvian,Calgary,190
750,Aboriginal languages,Lillooet,Calgary,0
751,Non-Official & Non-Aboriginal languages,Lingala,Calgary,85
752,Non-Official & Non-Aboriginal languages,Lithuanian,Calgary,340
753,Non-Official & Non-Aboriginal languages,Macedonian,Calgary,160
754,Non-Official & Non-Aboriginal languages,Malagasy,Calgary,25
755,Non-Official & Non-Aboriginal languages,Malay,Calgary,800
756,Non-Official & Non-Aboriginal languages,Malayalam,Calgary,2130
757,Aboriginal languages,Malecite,Calgary,0
758,Non-Official & Non-Aboriginal languages,Maltese,Calgary,35
759,Non-Official & Non-Aboriginal languages,Mandarin,Calgary,28745
760,Non-Official & Non-Aboriginal languages,Marathi,Calgary,845
761,Aboriginal languages,Mi'kmaq,Calgary,10
762,Aboriginal languages,Michif,Calgary,15
763,Non-Official & Non-Aboriginal languages,Min Dong,Calgary,45
764,Non-Official & Non-Aboriginal languages,"Min Nan (Chaochow, Teochow, Fukien, Taiwanese)",Calgary,1720
765,Aboriginal languages,Mohawk,Calgary,5
766,Non-Official & Non-Aboriginal languages,Mongolian,Calgary,450
767,Aboriginal languages,Montagnais (Innu),Calgary,5
768,Aboriginal languages,Moose Cree,Calgary,5
769,Aboriginal languages,Naskapi,Calgary,0
770,Non-Official & Non-Aboriginal languages,Nepali,Calgary,1935
771,Non-Official & Non-Aboriginal languages,"Niger-Congo languages, n.i.e.",Calgary,1110
772,Non-Official & Non-Aboriginal languages,"Nilo-Saharan languages, n.i.e.",Calgary,785
773,Aboriginal languages,Nisga'a,Calgary,0
774,Aboriginal languages,North Slavey (Hare),Calgary,0
775,Aboriginal languages,Northern East Cree,Calgary,0
776,Aboriginal languages,Northern Tutchone,Calgary,0
777,Non-Official & Non-Aboriginal languages,Norwegian,Calgary,245
778,Aboriginal languages,Nuu-chah-nulth (Nootka),Calgary,5
779,Aboriginal languages,Oji-Cree,Calgary,5
780,Aboriginal languages,Ojibway,Calgary,55
781,Aboriginal languages,Okanagan,Calgary,0
782,Aboriginal languages,Oneida,Calgary,0
783,Non-Official & Non-Aboriginal languages,Oriya (Odia),Calgary,100
784,Non-Official & Non-Aboriginal languages,Oromo,Calgary,950
785,Non-Official & Non-Aboriginal languages,"Other languages, n.i.e.",Calgary,330
786,Aboriginal languages,Ottawa (Odawa),Calgary,0
787,Non-Official & Non-Aboriginal languages,"Pampangan (Kapampangan, Pampango)",Calgary,265
788,Non-Official & Non-Aboriginal languages,Pangasinan,Calgary,125
789,Non-Official & Non-Aboriginal languages,Pashto,Calgary,1640
790,Non-Official & Non-Aboriginal languages,Persian (Farsi),Calgary,9725
791,Aboriginal languages,Plains Cree,Calgary,55
792,Non-Official & Non-Aboriginal languages,Polish,Calgary,8145
793,Non-Official & Non-Aboriginal languages,Portuguese,Calgary,3695
794,Non-Official & Non-Aboriginal languages,Punjabi (Panjabi),Calgary,38840
795,Non-Official & Non-Aboriginal languages,Quebec Sign Language,Calgary,0
796,Non-Official & Non-Aboriginal languages,Romanian,Calgary,4795
797,Non-Official & Non-Aboriginal languages,Rundi (Kirundi),Calgary,150
798,Non-Official & Non-Aboriginal languages,Russian,Calgary,9555
799,Aboriginal languages,"Salish languages, n.i.e.",Calgary,0
800,Aboriginal languages,Sarsi (Sarcee),Calgary,65
801,Non-Official & Non-Aboriginal languages,Scottish Gaelic,Calgary,55
802,Aboriginal languages,Sekani,Calgary,0
803,Non-Official & Non-Aboriginal languages,"Semitic languages, n.i.e.",Calgary,210
804,Non-Official & Non-Aboriginal languages,Serbian,Calgary,1860
805,Non-Official & Non-Aboriginal languages,Serbo-Croatian,Calgary,525
806,Non-Official & Non-Aboriginal languages,Shona,Calgary,320
807,Aboriginal languages,Shuswap (Secwepemctsin),Calgary,0
808,Non-Official & Non-Aboriginal languages,"Sign languages, n.i.e",Calgary,160
809,Non-Official & Non-Aboriginal languages,Sindhi,Calgary,1735
810,Non-Official & Non-Aboriginal languages,Sinhala (Sinhalese),Calgary,960
811,Aboriginal languages,"Siouan languages, n.i.e.",Calgary,0
812,Aboriginal languages,"Slavey, n.o.s.",Calgary,5
813,Non-Official & Non-Aboriginal languages,"Slavic languages, n.i.e.",Calgary,65
814,Non-Official & Non-Aboriginal languages,Slovak,Calgary,1175
815,Non-Official & Non-Aboriginal languages,Slovene (Slovenian),Calgary,270
816,Non-Official & Non-Aboriginal languages,Somali,Calgary,1460
817,Aboriginal languages,South Slavey,Calgary,0
818,Aboriginal languages,Southern East Cree,Calgary,0
819,Aboriginal languages,Southern Tutchone,Calgary,0
820,Non-Official & Non-Aboriginal languages,Spanish,Calgary,28690
821,Aboriginal languages,Squamish,Calgary,0
822,Aboriginal languages,Stoney,Calgary,90
823,Aboriginal languages,Straits,Calgary,0
824,Non-Official & Non-Aboriginal languages,Swahili,Calgary,795
825,Aboriginal languages,Swampy Cree,Calgary,10
826,Non-Official & Non-Aboriginal languages,Swedish,Calgary,295
827,Non-Official & Non-Aboriginal languages,"Tagalog (Pilipino, Filipino)",Calgary,40960
828,Aboriginal languages,Tahltan,Calgary,0
829,Non-Official & Non-Aboriginal languages,"Tai-Kadai languages, n.i.e",Calgary,10
830,Non-Official & Non-Aboriginal languages,Tamil,Calgary,1860
831,Non-Official & Non-Aboriginal languages,Telugu,Calgary,955
832,Non-Official & Non-Aboriginal languages,Thai,Calgary,635
833,Aboriginal languages,Thompson (Ntlakapamux),Calgary,0
834,Non-Official & Non-Aboriginal languages,Tibetan,Calgary,550
835,Non-Official & Non-Aboriginal languages,"Tibeto-Burman languages, n.i.e.",Calgary,150
836,Non-Official & Non-Aboriginal languages,Tigrigna,Calgary,2755
837,Aboriginal languages,Tlingit,Calgary,0
838,Aboriginal languages,Tsimshian,Calgary,0
839,Non-Official & Non-Aboriginal languages,"Turkic languages, n.i.e.",Calgary,140
840,Non-Official & Non-Aboriginal languages,Turkish,Calgary,1265
841,Non-Official & Non-Aboriginal languages,Ukrainian,Calgary,3625
842,Non-Official & Non-Aboriginal languages,"Uralic languages, n.i.e.",Calgary,0
843,Non-Official & Non-Aboriginal languages,Urdu,Calgary,16930
844,Non-Official & Non-Aboriginal languages,Uyghur,Calgary,60
845,Non-Official & Non-Aboriginal languages,Uzbek,Calgary,75
846,Non-Official & Non-Aboriginal languages,Vietnamese,Calgary,13540
847,Non-Official & Non-Aboriginal languages,Vlaams (Flemish),Calgary,105
848,Aboriginal languages,"Wakashan languages, n.i.e.",Calgary,0
849,Non-Official & Non-Aboriginal languages,Waray-Waray,Calgary,150
850,Non-Official & Non-Aboriginal languages,Welsh,Calgary,65
851,Non-Official & Non-Aboriginal languages,Wolof,Calgary,120
852,Aboriginal languages,Woods Cree,Calgary,10
853,Non-Official & Non-Aboriginal languages,Wu (Shanghainese),Calgary,380
854,Non-Official & Non-Aboriginal languages,Yiddish,Calgary,80
855,Non-Official & Non-Aboriginal languages,Yoruba,Calgary,1430
856,Aboriginal languages,"Aboriginal languages, n.o.s.",Edmonton,25
857,Non-Official & Non-Aboriginal languages,Afrikaans,Edmonton,575
858,Non-Official & Non-Aboriginal languages,"Afro-Asiatic languages, n.i.e.",Edmonton,65
859,Non-Official & Non-Aboriginal languages,Akan (Twi),Edmonton,885
860,Non-Official & Non-Aboriginal languages,Albanian,Edmonton,770
861,Aboriginal languages,"Algonquian languages, n.i.e.",Edmonton,0
862,Aboriginal languages,Algonquin,Edmonton,0
863,Non-Official & Non-Aboriginal languages,American Sign Language,Edmonton,180
864,Non-Official & Non-Aboriginal languages,Amharic,Edmonton,2515
865,Non-Official & Non-Aboriginal languages,Arabic,Edmonton,17525
866,Non-Official & Non-Aboriginal languages,Armenian,Edmonton,170
867,Non-Official & Non-Aboriginal languages,Assyrian Neo-Aramaic,Edmonton,75
868,Aboriginal languages,"Athabaskan languages, n.i.e.",Edmonton,0
869,Aboriginal languages,Atikamekw,Edmonton,0
870,Non-Official & Non-Aboriginal languages,"Austro-Asiatic languages, n.i.e",Edmonton,10
871,Non-Official & Non-Aboriginal languages,"Austronesian languages, n.i.e.",Edmonton,285
872,Non-Official & Non-Aboriginal languages,Azerbaijani,Edmonton,120
873,Aboriginal languages,Babine (Wetsuwet'en),Edmonton,0
874,Non-Official & Non-Aboriginal languages,Bamanankan,Edmonton,20
875,Aboriginal languages,Beaver,Edmonton,5
876,Non-Official & Non-Aboriginal languages,Belarusan,Edmonton,35
877,Non-Official & Non-Aboriginal languages,Bengali,Edmonton,2335
878,Non-Official & Non-Aboriginal languages,"Berber languages, n.i.e.",Edmonton,55
879,Non-Official & Non-Aboriginal languages,Bikol,Edmonton,110
880,Non-Official & Non-Aboriginal languages,Bilen,Edmonton,245
881,Aboriginal languages,Blackfoot,Edmonton,35
882,Non-Official & Non-Aboriginal languages,Bosnian,Edmonton,715
883,Non-Official & Non-Aboriginal languages,Bulgarian,Edmonton,480
884,Non-Official & Non-Aboriginal languages,Burmese,Edmonton,145
885,Non-Official & Non-Aboriginal languages,Cantonese,Edmonton,22670
886,Aboriginal languages,Carrier,Edmonton,5
887,Non-Official & Non-Aboriginal languages,Catalan,Edmonton,25
888,Aboriginal languages,Cayuga,Edmonton,0
889,Non-Official & Non-Aboriginal languages,Cebuano,Edmonton,1945
890,Non-Official & Non-Aboriginal languages,"Celtic languages, n.i.e.",Edmonton,35
891,Non-Official & Non-Aboriginal languages,Chaldean Neo-Aramaic,Edmonton,40
892,Aboriginal languages,Chilcotin,Edmonton,5
893,Non-Official & Non-Aboriginal languages,"Chinese languages, n.i.e.",Edmonton,25
894,Non-Official & Non-Aboriginal languages,"Chinese, n.o.s.",Edmonton,2370
895,Aboriginal languages,Comox,Edmonton,0
896,Aboriginal languages,"Cree, n.o.s.",Edmonton,1455
897,Non-Official & Non-Aboriginal languages,"Creole languages, n.i.e.",Edmonton,345
898,Non-Official & Non-Aboriginal languages,"Creole, n.o.s.",Edmonton,615
899,Non-Official & Non-Aboriginal languages,Croatian,Edmonton,2010
900,Non-Official & Non-Aboriginal languages,"Cushitic languages, n.i.e.",Edmonton,25
901,Non-Official & Non-Aboriginal languages,Czech,Edmonton,895
902,Aboriginal languages,Dakota,Edmonton,65
903,Non-Official & Non-Aboriginal languages,Danish,Edmonton,745
904,Aboriginal languages,Dene,Edmonton,145
905,Non-Official & Non-Aboriginal languages,Dinka,Edmonton,335
906,Aboriginal languages,Dogrib (Tlicho),Edmonton,20
907,Non-Official & Non-Aboriginal languages,"Dravidian languages, n.i.e.",Edmonton,25
908,Non-Official & Non-Aboriginal languages,Dutch,Edmonton,4100
909,Non-Official & Non-Aboriginal languages,Edo,Edmonton,140
910,Official languages,English,Edmonton,930405
911,Non-Official & Non-Aboriginal languages,Estonian,Edmonton,45
912,Non-Official & Non-Aboriginal languages,Ewe,Edmonton,125
913,Non-Official & Non-Aboriginal languages,Fijian,Edmonton,55
914,Non-Official & Non-Aboriginal languages,Finnish,Edmonton,230
915,Official languages,French,Edmonton,27100
916,Non-Official & Non-Aboriginal languages,Frisian,Edmonton,95
917,Non-Official & Non-Aboriginal languages,"Fulah (Pular, Pulaar, Fulfulde)",Edmonton,140
918,Non-Official & Non-Aboriginal languages,Ga,Edmonton,65
919,Non-Official & Non-Aboriginal languages,Ganda,Edmonton,210
920,Non-Official & Non-Aboriginal languages,Georgian,Edmonton,70
921,Non-Official & Non-Aboriginal languages,German,Edmonton,14760
922,Non-Official & Non-Aboriginal languages,"Germanic languages, n.i.e.",Edmonton,10
923,Aboriginal languages,Gitxsan (Gitksan),Edmonton,0
924,Non-Official & Non-Aboriginal languages,Greek,Edmonton,1080
925,Non-Official & Non-Aboriginal languages,Gujarati,Edmonton,5750
926,Aboriginal languages,Gwich'in,Edmonton,5
927,Aboriginal languages,Haida,Edmonton,5
928,Aboriginal languages,Haisla,Edmonton,0
929,Non-Official & Non-Aboriginal languages,Haitian Creole,Edmonton,55
930,Non-Official & Non-Aboriginal languages,Hakka,Edmonton,625
931,Aboriginal languages,Halkomelem,Edmonton,0
932,Non-Official & Non-Aboriginal languages,Harari,Edmonton,165
933,Non-Official & Non-Aboriginal languages,Hebrew,Edmonton,405
934,Aboriginal languages,Heiltsuk,Edmonton,0
935,Non-Official & Non-Aboriginal languages,Hiligaynon,Edmonton,530
936,Non-Official & Non-Aboriginal languages,Hindi,Edmonton,8415
937,Non-Official & Non-Aboriginal languages,Hmong-Mien languages,Edmonton,10
938,Non-Official & Non-Aboriginal languages,Hungarian,Edmonton,1580
939,Non-Official & Non-Aboriginal languages,Icelandic,Edmonton,35
940,Non-Official & Non-Aboriginal languages,Igbo,Edmonton,305
941,Non-Official & Non-Aboriginal languages,Ilocano,Edmonton,1845
942,Non-Official & Non-Aboriginal languages,"Indo-Iranian languages, n.i.e.",Edmonton,280
943,Aboriginal languages,Inuinnaqtun (Inuvialuktun),Edmonton,10
944,Aboriginal languages,"Inuit languages, n.i.e.",Edmonton,20
945,Aboriginal languages,Inuktitut,Edmonton,40
946,Aboriginal languages,"Iroquoian languages, n.i.e.",Edmonton,0
947,Non-Official & Non-Aboriginal languages,Italian,Edmonton,4915
948,Non-Official & Non-Aboriginal languages,"Italic (Romance) languages, n.i.e.",Edmonton,15
949,Non-Official & Non-Aboriginal languages,Japanese,Edmonton,1055
950,Non-Official & Non-Aboriginal languages,Kabyle,Edmonton,75
951,Non-Official & Non-Aboriginal languages,Kannada,Edmonton,205
952,Non-Official & Non-Aboriginal languages,Karenic languages,Edmonton,435
953,Non-Official & Non-Aboriginal languages,Kashmiri,Edmonton,20
954,Aboriginal languages,Kaska (Nahani),Edmonton,0
955,Non-Official & Non-Aboriginal languages,Khmer (Cambodian),Edmonton,760
956,Non-Official & Non-Aboriginal languages,Kinyarwanda (Rwanda),Edmonton,610
957,Non-Official & Non-Aboriginal languages,Konkani,Edmonton,150
958,Non-Official & Non-Aboriginal languages,Korean,Edmonton,6325
959,Non-Official & Non-Aboriginal languages,Kurdish,Edmonton,755
960,Aboriginal languages,Kutenai,Edmonton,0
961,Aboriginal languages,Kwakiutl (Kwak'wala),Edmonton,0
962,Non-Official & Non-Aboriginal languages,Lao,Edmonton,385
963,Non-Official & Non-Aboriginal languages,Latvian,Edmonton,145
964,Aboriginal languages,Lillooet,Edmonton,0
965,Non-Official & Non-Aboriginal languages,Lingala,Edmonton,160
966,Non-Official & Non-Aboriginal languages,Lithuanian,Edmonton,175
967,Non-Official & Non-Aboriginal languages,Macedonian,Edmonton,180
968,Non-Official & Non-Aboriginal languages,Malagasy,Edmonton,10
969,Non-Official & Non-Aboriginal languages,Malay,Edmonton,510
970,Non-Official & Non-Aboriginal languages,Malayalam,Edmonton,3455
971,Aboriginal languages,Malecite,Edmonton,0
972,Non-Official & Non-Aboriginal languages,Maltese,Edmonton,30
973,Non-Official & Non-Aboriginal languages,Mandarin,Edmonton,19925
974,Non-Official & Non-Aboriginal languages,Marathi,Edmonton,535
975,Aboriginal languages,Mi'kmaq,Edmonton,10
976,Aboriginal languages,Michif,Edmonton,30
977,Non-Official & Non-Aboriginal languages,Min Dong,Edmonton,70
978,Non-Official & Non-Aboriginal languages,"Min Nan (Chaochow, Teochow, Fukien, Taiwanese)",Edmonton,1265
979,Aboriginal languages,Mohawk,Edmonton,5
980,Non-Official & Non-Aboriginal languages,Mongolian,Edmonton,85
981,Aboriginal languages,Montagnais (Innu),Edmonton,0
982,Aboriginal languages,Moose Cree,Edmonton,5
983,Aboriginal languages,Naskapi,Edmonton,0
984,Non-Official & Non-Aboriginal languages,Nepali,Edmonton,1990
985,Non-Official & Non-Aboriginal languages,"Niger-Congo languages, n.i.e.",Edmonton,1610
986,Non-Official & Non-Aboriginal languages,"Nilo-Saharan languages, n.i.e.",Edmonton,410
987,Aboriginal languages,Nisga'a,Edmonton,5
988,Aboriginal languages,North Slavey (Hare),Edmonton,10
989,Aboriginal languages,Northern East Cree,Edmonton,20
990,Aboriginal languages,Northern Tutchone,Edmonton,0
991,Non-Official & Non-Aboriginal languages,Norwegian,Edmonton,210
992,Aboriginal languages,Nuu-chah-nulth (Nootka),Edmonton,0
993,Aboriginal languages,Oji-Cree,Edmonton,0
994,Aboriginal languages,Ojibway,Edmonton,90
995,Aboriginal languages,Okanagan,Edmonton,5
996,Aboriginal languages,Oneida,Edmonton,0
997,Non-Official & Non-Aboriginal languages,Oriya (Odia),Edmonton,70
998,Non-Official & Non-Aboriginal languages,Oromo,Edmonton,1130
999,Non-Official & Non-Aboriginal languages,"Other languages, n.i.e.",Edmonton,235
1000,Aboriginal languages,Ottawa (Odawa),Edmonton,0
1001,Non-Official & Non-Aboriginal languages,"Pampangan (Kapampangan, Pampango)",Edmonton,340
1002,Non-Official & Non-Aboriginal languages,Pangasinan,Edmonton,110
1003,Non-Official & Non-Aboriginal languages,Pashto,Edmonton,660
1004,Non-Official & Non-Aboriginal languages,Persian (Farsi),Edmonton,4920
1005,Aboriginal languages,Plains Cree,Edmonton,350
1006,Non-Official & Non-Aboriginal languages,Polish,Edmonton,9380
1007,Non-Official & Non-Aboriginal languages,Portuguese,Edmonton,4625
1008,Non-Official & Non-Aboriginal languages,Punjabi (Panjabi),Edmonton,27785
1009,Non-Official & Non-Aboriginal languages,Quebec Sign Language,Edmonton,0
1010,Non-Official & Non-Aboriginal languages,Romanian,Edmonton,2540
1011,Non-Official & Non-Aboriginal languages,Rundi (Kirundi),Edmonton,400
1012,Non-Official & Non-Aboriginal languages,Russian,Edmonton,5725
1013,Aboriginal languages,"Salish languages, n.i.e.",Edmonton,0
1014,Aboriginal languages,Sarsi (Sarcee),Edmonton,0
1015,Non-Official & Non-Aboriginal languages,Scottish Gaelic,Edmonton,50
1016,Aboriginal languages,Sekani,Edmonton,0
1017,Non-Official & Non-Aboriginal languages,"Semitic languages, n.i.e.",Edmonton,80
1018,Non-Official & Non-Aboriginal languages,Serbian,Edmonton,1835
1019,Non-Official & Non-Aboriginal languages,Serbo-Croatian,Edmonton,360
1020,Non-Official & Non-Aboriginal languages,Shona,Edmonton,570
1021,Aboriginal languages,Shuswap (Secwepemctsin),Edmonton,0
1022,Non-Official & Non-Aboriginal languages,"Sign languages, n.i.e",Edmonton,210
1023,Non-Official & Non-Aboriginal languages,Sindhi,Edmonton,940
1024,Non-Official & Non-Aboriginal languages,Sinhala (Sinhalese),Edmonton,1310
1025,Aboriginal languages,"Siouan languages, n.i.e.",Edmonton,0
1026,Aboriginal languages,"Slavey, n.o.s.",Edmonton,10
1027,Non-Official & Non-Aboriginal languages,"Slavic languages, n.i.e.",Edmonton,95
1028,Non-Official & Non-Aboriginal languages,Slovak,Edmonton,610
1029,Non-Official & Non-Aboriginal languages,Slovene (Slovenian),Edmonton,290
1030,Non-Official & Non-Aboriginal languages,Somali,Edmonton,6510
1031,Aboriginal languages,South Slavey,Edmonton,25
1032,Aboriginal languages,Southern East Cree,Edmonton,0
1033,Aboriginal languages,Southern Tutchone,Edmonton,0
1034,Non-Official & Non-Aboriginal languages,Spanish,Edmonton,18470
1035,Aboriginal languages,Squamish,Edmonton,0
1036,Aboriginal languages,Stoney,Edmonton,155
1037,Aboriginal languages,Straits,Edmonton,0
1038,Non-Official & Non-Aboriginal languages,Swahili,Edmonton,1245
1039,Aboriginal languages,Swampy Cree,Edmonton,25
1040,Non-Official & Non-Aboriginal languages,Swedish,Edmonton,265
1041,Non-Official & Non-Aboriginal languages,"Tagalog (Pilipino, Filipino)",Edmonton,36755
1042,Aboriginal languages,Tahltan,Edmonton,0
1043,Non-Official & Non-Aboriginal languages,"Tai-Kadai languages, n.i.e",Edmonton,15
1044,Non-Official & Non-Aboriginal languages,Tamil,Edmonton,2175
1045,Non-Official & Non-Aboriginal languages,Telugu,Edmonton,935
1046,Non-Official & Non-Aboriginal languages,Thai,Edmonton,625
1047,Aboriginal languages,Thompson (Ntlakapamux),Edmonton,0
1048,Non-Official & Non-Aboriginal languages,Tibetan,Edmonton,20
1049,Non-Official & Non-Aboriginal languages,"Tibeto-Burman languages, n.i.e.",Edmonton,100
1050,Non-Official & Non-Aboriginal languages,Tigrigna,Edmonton,2325
1051,Aboriginal languages,Tlingit,Edmonton,0
1052,Aboriginal languages,Tsimshian,Edmonton,0
1053,Non-Official & Non-Aboriginal languages,"Turkic languages, n.i.e.",Edmonton,45
1054,Non-Official & Non-Aboriginal languages,Turkish,Edmonton,1745
1055,Non-Official & Non-Aboriginal languages,Ukrainian,Edmonton,11765
1056,Non-Official & Non-Aboriginal languages,"Uralic languages, n.i.e.",Edmonton,0
1057,Non-Official & Non-Aboriginal languages,Urdu,Edmonton,8140
1058,Non-Official & Non-Aboriginal languages,Uyghur,Edmonton,60
1059,Non-Official & Non-Aboriginal languages,Uzbek,Edmonton,110
1060,Non-Official & Non-Aboriginal languages,Vietnamese,Edmonton,8865
1061,Non-Official & Non-Aboriginal languages,Vlaams (Flemish),Edmonton,80
1062,Aboriginal languages,"Wakashan languages, n.i.e.",Edmonton,0
1063,Non-Official & Non-Aboriginal languages,Waray-Waray,Edmonton,70
1064,Non-Official & Non-Aboriginal languages,Welsh,Edmonton,35
1065,Non-Official & Non-Aboriginal languages,Wolof,Edmonton,130
1066,Aboriginal languages,Woods Cree,Edmonton,155
1067,Non-Official & Non-Aboriginal languages,Wu (Shanghainese),Edmonton,235
1068,Non-Official & Non-Aboriginal languages,Yiddish,Edmonton,55
1069,Non-Official & Non-Aboriginal languages,Yoruba,Edmonton,700
